Book,,Author,Time,Date Started,Date Ended,Days Taken,Min Per Day,Year,Pages,Speed,Year,Minutes (185890.96666666665),Speed Graph,URL,
Reamde,,Neal Stephenson,38:34:00,1 Nov 2011,21 Dec 2011,51,45,20 Sep 2011,1056,21,2011,"2,314",[][],http://ecx.images-amazon.com/images/I/41M6ip5r3NL._SL160.jpg,
Outlander,,Diana Gabaldon,32:42:00,2 Feb 2012,14 Feb 2012,13,151,1 Jan 1991,656,50,2012,"1,962",[][][][][][][][],,
Harry Potter and the Order of Phoenix,,J.K. Rowling,26:22:38,10 Dec 2010,5 Jan 2011,26,61,21 Jun 2003,870,33,2011,"1,583",[][][],http://ecx.images-amazon.com/images/I/51BH8S8FKSL._SL160.jpg,
The Girl Who Kicked the Hornet's Nest,,Stieg Larsson,25:09:39,22 Jan 2012,1 Feb 2012,11,137,1 Jan 2007,563,51,2012,"1,510",[][][][][][][],http://audioliterate.com/wp-content/uploads/2012/02/The-Girl-Who-Kicked-the-Hornets-Nest-The-Millennium-Trilogy-Book-3.jpg,
Steve Jobs,,Walter Isaacson,25:07:00,26 Oct 2011,31 Oct 2011,6,251,24 Oct 2011,656,109,2011,"1,507",[][][][][][][][][][][][][],http://ecx.images-amazon.com/images/I/41TNSBq4F5L._SL160.jpg,
The Lion's Game,,Nelson DeMille,24:52:00,18 Oct 2011,25 Oct 2011,8,187,6 Jan 2000,688,86,2011,"1,492",[][][][][][][][][],http://ecx.images-amazon.com/images/I/51uds%2BrRzuL._SL160.jpg,
The Host,,Stephanie Meyer,23:05:00,12 Jul 2010,16 Aug 2010,35,40,1 May 2008,619,18,2010,"1,385",[][],http://ecx.images-amazon.com/images/I/41eiHNfOmjL._SL160.jpg,
Harry Potter and the Deathly Hollows,,J.K. Rowling,21:38:30,17 Jan 2011,1 Feb 2011,15,87,21 Jul 2007,784,52,2011,"1,299",[][][][],http://ecx.images-amazon.com/images/I/51CJ3bmBzlL._SL160.jpg,
The Girl Who Played with Fire,,Stieg Larsson,20:52:00,20 Sep 2011,4 Oct 2011,15,83,1 Jan 2006,630,42,2011,"1,252",[][][][],http://ecx.images-amazon.com/images/I/61zJ363UB9L._SL160.jpg,
Harry Potter and the Goblet of Fire,,J.K. Rowling,20:36:25,24 Nov 2010,10 Dec 2010,16,77,8 Jul 2000,734,46,2010,"1,236",[][][][],http://ecx.images-amazon.com/images/I/51BKEV%2By7EL._SL160.jpg,
Breaking Dawn,,Stephanie Meyer,20:34:00,4 Jul 2009,17 Jul 2009,13,95,1 Aug 2008,756,58,2009,"1,234",[][][][][],http://ecx.images-amazon.com/images/I/41vy798SRbL._SL160.jpg,
The Mote in God's Eyes,,"Larry Niven, Jerry Pournelle",20:27:00,22 Aug 2011,5 Sep 2011,15,82,1 Jan 1974,537,36,2011,"1,227",[][][][],http://ecx.images-amazon.com/images/I/51FDQlLeBkL._SL160.jpg,
The Complete Stories of Sherlock Holmes,,Arthur Conan Doyle,20:16:00,7 Jan 2010,16 Feb 2010,41,30,,,,2010,"1,216",[][],http://ecx.images-amazon.com/images/I/516T+2dfYjL._SL175_.jpg,
Harry Potter and the Half Blood Prince,,J.K. Rowling,19:11:35,5 Jan 2011,17 Jan 2011,12,96,16 Jul 2005,652,54,2011,"1,152",[][][][][],http://ecx.images-amazon.com/images/I/51JTPF5ZSNL._SL160.jpg,
The Fellowship of the Ring,,J.R.R. Tolkien,19:10:53,10 Apr 2011,1 May 2011,21,55,24 Jul 1954,531,25,2011,"1,151",[][][],http://ecx.images-amazon.com/images/I/41Ta5-vOB2L._SL160.jpg,
The Girl with the Dragon Tattoo,,Stieg Larsson,18:50:00,14 Aug 2011,21 Aug 2011,8,141,1 Jan 2005,590,74,2011,"1,130",[][][][][][][],http://ecx.images-amazon.com/images/I/51qVo7%2BUPbL._SL160.jpg,
Angels and Demons,,Dan Brown,18:33:00,,13 Jun 2009,,0,1 May 2000,480,,2009,"1,113",,http://ecx.images-amazon.com/images/I/51MY9Q410WL._SL160.jpg,
State of Fear,,Michael Crichton,18:07:00,7 Jul 2011,14 Jul 2011,7,155,1 Nov 2004,623,89,2011,"1,087",[][][][][][][][],http://ecx.images-amazon.com/images/I/41X5HW7F34L._SL100.jpg,
The Lost Symbol,,Dan Brown,17:46:00,30 Sep 2009,19 Oct 2009,20,53,1 Sep 2009,670,34,2009,"1,066",[][][],http://ecx.images-amazon.com/images/I/51jHvD-ZUrL._SL160.jpg,
Consent to Kill,,Vince Flynn,17:16:00,15 Oct 2009,20 Nov 2009,37,28,11 Oct 2005,480,13,2009,"1,036",[],http://ecx.images-amazon.com/images/I/51UkCU5qkgL._SL160.jpg,
The Fifth Woman,,Henning Mankell,17:04:48,8 Jan 2012,18 Jan 2012,11,93,13 Apr 2004,448,41,2012,"1,025",[][][][][],http://ecx.images-amazon.com/images/I/51HFc8f7cLL._SL160.jpg,
Black Hills,,Nora Roberts,16:51:00,6 Aug 2009,1 Sep 2009,26,39,29 May 2009,480,18,2009,"1,011",[][],http://ecx.images-amazon.com/images/I/51%2BvFtmwsNL._SL160.jpg,
Transfer of Power,,Vince Flynn,16:48:00,27 Jul 2011,31 Jul 2011,5,202,1 Jan 1999,416,83,2011,"1,008",[][][][][][][][][][],http://ecx.images-amazon.com/images/I/51Am1og%2BeLL._SL100.jpg,
The Two Towers,,J.R.R. Tolkien,16:45:51,1 May 2011,13 May 2011,12,84,11 Nov 1954,464,39,2011,"1,006",[][][][],http://ecx.images-amazon.com/images/I/31RYaLyTfTL._SL160.jpg,
The Da Vinci Code,,Dan Brown,16:43:00,18 Oct 2010,13 Nov 2010,26,39,1 Jan 2003,484,19,2010,"1,003",[][],http://ecx.images-amazon.com/images/I/51-fcrLIO0L._SL160.jpg,
The Da Vinci Code,,Dan Brown,16:43:00,,21 Sep 2009,,0,1 Jan 2003,484,,2009,"1,003",,http://ecx.images-amazon.com/images/I/51-fcrLIO0L._SL160.jpg,
Eclipse,,Stephanie Meyer,16:31:00,29 Jun 2009,4 Jul 2009,5,198,1 Aug 2007,629,126,2009,991,[][][][][][][][][][],http://ecx.images-amazon.com/images/I/41G7PDsY%2B2L._SL160.jpg,
The Return of the King,,J.R.R. Tolkien,15:26:33,13 May 2011,24 May 2011,11,84,20 Oct 1955,416,38,2011,927,[][][][],http://ecx.images-amazon.com/images/I/213PTkHsfXL._SL160.jpg,
The Poet,,Michael Connelly,15:21:00,1 Jan 2010,6 Jan 2010,6,154,,480,80,2010,921,[][][][][][][][],http://ecx.images-amazon.com/images/I/51zLUoDoVLL._SL160.jpg,
Phantoms,,Dean Koontz,14:43:00,1 Sep 2009,29 Sep 2009,29,30,1 Mar 1983,352,12,2009,883,[][],http://ecx.images-amazon.com/images/I/51H5G0FXNrL._SL160.jpg,
New Moon,,Stephanie Meyer,14:35:20,20 Jun 2009,29 Jun 2009,9,97,1 Aug 2006,563,63,2009,875,[][][][][],http://ecx.images-amazon.com/images/I/410Tyb4tc0L._SL160.jpg,
Separation of Power,,Vince Flynn,14:00:00,6 Sep 2011,13 Sep 2011,8,105,1 Jan 2011,368,46,2011,840,[][][][][],http://ecx.images-amazon.com/images/I/51F49uMyuVL._SL160.jpg,
The Strain,,Guillermo del Toro and Chuck Hogan,13:36:00,14 Jul 2011,22 Jul 2011,8,102,2 Jun 2009,416,52,2011,816,[][][][][],http://ecx.images-amazon.com/images/I/51Idg%2BoHg7L._SL100.jpg,
The Private Patient,,P.D. James,13:35:00,2 Apr 2010,12 Jun 2010,72,11,18 Nov 2008,416,6,2010,815,[],http://ecx.images-amazon.com/images/I/51Rfg1YblsL._SL160.jpg,
Memorial Day,,Vince Flynn,13:20:00,22 Dec 2011,28 Dec 2011,7,114,1 Jan 2004,407,58,2011,800,[][][][][][],http://ecx.images-amazon.com/images/I/51lgCipe%2BKL._SL160.jpg,
Scarpetta,,Patricia Cornwell,13:14:00,1 Jul 2011,7 Jul 2011,6,132,1 Jan 2008,508,85,2011,794,[][][][][][][],http://ecx.images-amazon.com/images/I/51OVnDkNc1L._SL160.jpg,
Executive Power,,Vince Flynn,13:03:00,9 Oct 2011,12 Oct 2011,4,196,6 May 2003,384,96,2011,783,[][][][][][][][][][],http://ecx.images-amazon.com/images/I/517bhw-AtSL._SL160.jpg,
Lightning,,Dean Koontz,12:58:00,5 Oct 2011,8 Oct 2011,4,195,12 Jan 1988,351,88,2011,778,[][][][][][][][][][],http://ecx.images-amazon.com/images/I/41ZFfdDQIyL._SL160.jpg,
The 7 Habits of Highly Effective People,,Stephen R. Covey,12:58:00,13 Jun 2010,12 Jul 2010,30,26,1 Jan 1989,358,12,2010,778,[],http://ecx.images-amazon.com/images/I/51Osk63EaBL._SL160.jpg,
Twilight,,Stephanie Meyer,12:56:00,14 Jun 2009,20 Jun 2009,7,111,5 Oct 2005,498,71,2009,776,[][][][][][],http://ecx.images-amazon.com/images/I/41mKAzgVLqL._SL160.jpg,
Fear Nothing,,Dean Koontz,12:39:03,9 Jun 2011,17 Jun 2011,8,95,1 Jan 1997,373,47,2011,759,[][][][][],http://ecx.images-amazon.com/images/I/414krtnQGvL._SL160.jpg,
Death by Black Hole,,Neil deGrasse Tyson,12:08:00,3 Aug 2011,8 Aug 2011,6,121,22 Jan 2007,384,64,2011,728,[][][][][][],http://ecx.images-amazon.com/images/I/41QrCMtFHUL._SL160.jpg,
Digital Fortress,,Dan Brown,11:52:00,18 Jul 2009,5 Aug 2009,19,37,1 Jan 1998,431,23,2009,712,[][],http://ecx.images-amazon.com/images/I/51vf4zIKmWL._SL160.jpg,
Harry Potter and the Prisoner of Azkaban,,J.K. Rowling,11:48:09,17 Nov 2010,24 Nov 2010,7,101,8 Jul 1999,435,62,2010,708,[][][][][],http://ecx.images-amazon.com/images/I/512t2MI-I3L._SL160.jpg,
The Third Option,,Vince Flynn,11:48:00,9 Aug 2011,13 Aug 2011,5,142,1 Jan 2000,358,72,2011,708,[][][][][][][],http://ecx.images-amazon.com/images/I/51iYUG4NmUL._SL160.jpg,
Mockingjay,,Suzanne Collins,11:43:00,1 Aug 2011,2 Aug 2011,2,352,24 Aug 2010,400,200,2011,703,[][][][][][][][][][][][][][][][][][],http://ecx.images-amazon.com/images/I/41k66TFC43L._SL160.jpg,
Catching Fire,,Suzanne Collins,11:41:00,22 Jul 2011,26 Jul 2011,4,175,1 Jan 2009,391,98,2011,701,[][][][][][][][][],http://ecx.images-amazon.com/images/I/51nTMA60fiL._SL160.jpg,
The Lovely Bones,,Alice Sebold,11:38:00,9 Sep 2010,18 Oct 2010,39,18,1 Jan 2002,328,8,2010,698,[],http://ecx.images-amazon.com/images/I/415TqWrMKaL._SL160.jpg,
Star Wars - Fate of the Jedi: Abyss,,Troy Denning,11:18:00,28 Dec 2011,7 Jan 2012,10,68,18 Aug 2009,332,33,2012,678,[][][],http://ecx.images-amazon.com/images/I/51xoVeuTJ9L._SL160.jpg,
The Scarecrow,,Michael Connelly,11:17:00,27 Aug 2010,9 Sep 2010,14,48,26 May 2009,448,32,2010,677,[][],http://ecx.images-amazon.com/images/I/51sJBOCKG5L._SL160.jpg,
Experiencing God,,Henry T Blackaby,11:16:36,24 May 2011,9 Jun 2011,16,42,,337,21,2011,677,[][],http://ecx.images-amazon.com/images/I/516TKx9nc7L._SL160.jpg,
The Hunger Games,,Suzanne Collins,11:11:38,17 Jun 2011,19 Jun 2011,2,336,14 Sep 2008,384,192,2011,672,[][][][][][][][][][][][][][][][][],http://ecx.images-amazon.com/images/I/41VwRHS2xAL._SL160.jpg,
The Hobbit,,J.R.R. Tolkien,11:04:14,15 Mar 2011,10 Apr 2011,26,26,1 Jan 1937,310,12,2011,664,[],http://ecx.images-amazon.com/images/I/6113XDPUrVL._SL160.jpg,
Star Wars Episode II: Attack of the Clones,,R.A. Salvatore,10:20:00,21 Nov 2009,31 Dec 2009,41,15,23 Apr 2002,336,8,2009,620,[],http://ecx.images-amazon.com/images/I/51r2eA-1VLL._SL160.jpg,
Star Wars - Fate of the Jedi: Outcast,,Aaron Allston,10:12:00,14 Sep 2011,19 Sep 2011,6,102,24 Mar 2009,318,53,2011,612,[][][][][],http://ecx.images-amazon.com/images/I/51anmm4FRNL._SL160.jpg,
Jaws,,Peter Benchley,09:39:34,15 Feb 2011,1 Mar 2011,14,41,1 Jan 1974,311,22,2011,580,[][],http://ecx.images-amazon.com/images/I/41EoUWlm5YL._SL160.jpg,
The Purpose Driven Life,,Rick Warren,09:02:00,19 Jun 2011,26 Jun 2011,7,77,1 Jan 2002,334,48,2011,542,[][][][],http://ecx.images-amazon.com/images/I/51DvjiOUaOL._SL160.jpg,
Harry Potter and the Chamber of Secrets,,J.K. Rowling,08:44:27,14 Nov 2010,17 Nov 2010,3,175,2 Jul 1998,341,114,2010,524,[][][][][][][][][],http://ecx.images-amazon.com/images/I/513QPRA7E7L._SL160.jpg,
The Secret Garden,,Grances Hodgson Burnett,08:27:00,2 Feb 2011,15 Feb 2011,13,39,1 Jan 1911,234,18,2011,507,[][],http://ecx.images-amazon.com/images/I/51Nupi2fkoL._SL160.jpg,
Star Wars - Fate of the Jedi: Omen,,Christie Golden,08:25:00,13 Oct 2011,17 Oct 2011,5,101,23 Jun 2009,250,50,2011,505,[][][][][],http://ecx.images-amazon.com/images/I/51B7AmmzCFL._SL160.jpg,
The Graveyard Book,,Neil Gaiman,07:43:36,28 Jun 2011,1 Jul 2011,3,155,1 Jan 2008,312,104,2011,464,[][][][][][][][],http://ecx.images-amazon.com/images/I/51xMD9jr2ML._SL160.jpg,
Truth and Fiction in the Da Vinci Code,,Bart D. Ehrman,07:07:00,22 Feb 2009,2 Mar 2009,9,47,1 Jan 2004,240,27,2009,427,[][],http://ecx.images-amazon.com/images/I/51PH3Mhu8nL._SL160.jpg,
Walking with God,,John Eldredge,07:01:00,17 Feb 2010,1 Apr 2010,44,10,,234,,2010,421,[],http://ecx.images-amazon.com/images/I/515ha8nAsJL._SL160.jpg,
Psycho,,Robert Bloch,05:22:00,16 Aug 2010,27 Aug 2010,12,27,1 Jan 1959,185,15,2010,322,[],http://ecx.images-amazon.com/images/I/410uUyJs4rL._SL160.jpg,
Crazy Love,,Francis Chan,04:19:05,19 Jan 2012,21 Jan 2012,3,86,1 Jan 2008,186,62,2012,259,[][][][],http://ecx.images-amazon.com/images/I/31vNirDco6L._SL160.jpg,
Alice in Wonderland,,Lewis Carroll,,,2 Feb 2011,,0,26 Nov 1865,192,,2011,0,,http://ecx.images-amazon.com/images/I/517BR28AFJL._SL160.jpg,
Harry Potter and the Philosopher's Stone,,J.K. Rowling,,,14 Nov 2010,,0,,,,2010,0,,http://ecx.images-amazon.com/images/I/51SBCPRR1ZL._SL160.jpg,
Act of Treason,,Vince Flynn,11:05:00,15 Feb 2012,16 Feb 2012,2,333,1 Jan 2006,415,208,2012,665,[][][][][][][][][][][][][][][][][],http://ecx.images-amazon.com/images/I/51Hk5-jSxLL._SL160.jpg,
Star Wars - Fate of the Jedi: Backlash,,Aaron Allston,11:10:15,17 Feb 2012,22 Feb 2012,6,112,9 Mar 2010,328,55,2012,670,[][][][][][],http://ecx.images-amazon.com/images/I/512XFWguTVL._SL235.jpg,
The Shack,,William P. Young,08:32:21,23 Feb 2012,25 Feb 2012,3,171,1 Jan 2007,252,84,2012,512,[][][][][][][][][],http://ecx.images-amazon.com/images/I/51f2oCVO%2B%2BL._SL253.jpg,
The Templar Legacy,,Steve Berry,15:44:00,26 Feb 2012,4 Mar 2012,8,118,1 Jan 2006,496,62,2012,944,[][][][][][],http://ecx.images-amazon.com/images/I/51J1GG0G61L._SL254.jpg,
Protect and Defend,,Vince Flynn,10:16:00,11 Mar 2012,15 Mar 2012,5,123,1 Oct 2007,416,83,2012,616,[][][][][][],http://ecx.images-amazon.com/images/I/51xu7S-GjdL._SL228.jpg,
Star Wars - Fate of the Jedi: Allies,,Christie Golden,13:24:00,16 Mar 2012,21 Mar 2012,6,134,25 May 2010,359,60,2012,804,[][][][][][][],http://ecx.images-amazon.com/images/I/51Kh1RDoxDL._SL235.jpg,
Great Lives: Joseph - A Man of Integrity and Forgiveness,,Charles R. Swindoll,08:04:00,22 Mar 2012,23 Mar 2012,2,242,1 Jan 1998,218,109,2012,484,[][][][][][][][][][][][],http://ecx.images-amazon.com/images/I/41eOxrueW4L._SL235.jpg,
The Alexandria Link,,Steve Berry,17:20:40,24 Mar 2012,2 Apr 2012,10,104,1 Jan 2007,512,51,2012,"1,041",[][][][][],http://ecx.images-amazon.com/images/I/51UjmjakgdL._SL235.jpg,
The Thirty Nine Steps,,John Buchan,04:39:12,3 Apr 2012,4 Apr 2012,2,140,1 Jan 1915,117,59,2012,279,[][][][][][][],http://ecx.images-amazon.com/images/I/51yznZYT1JL._SL160.jpg,
Extreme Measures,,Vince Flynn,12:09:48,5 Apr 2012,8 Apr 2012,4,182,1 Oct 2008,416,104,2012,730,[][][][][][][][][],http://ecx.images-amazon.com/images/I/51EAvCZOGcL._SL234.jpg,
Star Wars - Fate of the Jedi: Vortex,,Troy Denning,14:35:00,9 Apr 2012,13 Apr 2012,5,175,30 Nov 2010,375,75,2012,875,[][][][][][][][][],http://ecx.images-amazon.com/images/I/51OaY2ueMYL._SL234.jpg,
War of the Worlds,,H. G. Wells,06:13:00,14 Apr 2012,19 Apr 2012,6,62,1 Jan 1898,303,51,2012,373,[][][],http://ecx.images-amazon.com/images/I/51RbRQ-vgYL._SL160.jpg,
The Venetian Betrayal,,Steve Berry,15:20:20,20 Apr 2012,7 May 2012,18,51,1 Jan 2007,496,28,2012,920,[][][],http://ecx.images-amazon.com/images/I/31IhS7efTvL._SL160.jpg,
Treasure Island,,Robert Louis Stevenson,06:43:00,8 May 2012,10 May 2012,3,134,1 Jan 1883,292,97,2012,403,[][][][][][][],http://ecx.images-amazon.com/images/I/51MKnKpVK6L._SL238.jpg,
Pursuit of Honor,,Vince Flynn,11:50:00,11 May 2012,16 May 2012,6,118,1 Oct 2009,431,72,2012,710,[][][][][][],http://ecx.images-amazon.com/images/I/51Irh6r-ntL._SL234.jpg,
Water for Elephants,,Sara Gruen,11:26:00,17 May 2012,29 May 2012,13,53,26 May 2006,331,25,2012,686,[][][],http://ecx.images-amazon.com/images/I/51ndVau1joL._SL231.jpg,
Star Wars - Fate of the Jedi: Conviction,,Aaron Allston,12:57:00,30 May 2012,12 Jun 2012,14,55,24 May 2011,380,27,2012,777,[][][],http://ecx.images-amazon.com/images/I/51PsKh7O1yL._SL235.jpg,
Jurassic Park,,Michael Crichton,12:00:00,13 Jun 2012,14 Jun 2012,2,360,1 Nov 1990,400,200,2012,720,[][][][][][][][][][][][][][][][][][],http://ecx.images-amazon.com/images/I/410E2D3HKKL._SL160.jpg,
The Charlemagne Pursuit,,Steve Berry,16:22:00,15 Jun 2012,26 Jun 2012,12,82,2 Dec 2008,528,44,2012,982,[][][][],http://ecx.images-amazon.com/images/I/61WWbokK8LL._SL231.jpg,
The Lost World,,Michael Crichton,15:19:00,27 Jun 2012,3 Jul 2012,7,131,1 Jan 1995,429,61,2012,919,[][][][][][][],http://ecx.images-amazon.com/images/I/71S019GP6ML._SL224.gif,
American Assassin,,Vince Flynn,11:36:00,4 Jul 2012,10 Jul 2012,7,99,12 Oct 2010,448,64,2012,696,[][][][][],http://ecx.images-amazon.com/images/I/51QGWsWIocL._SL234.jpg,
The Help,,Kathryn Stockett,18:06:00,11 Jul 2012,15 Jul 2012,5,217,1 Feb 2009,451,90,2012,"1,086",[][][][][][][][][][][],http://ecx.images-amazon.com/images/I/51-1PHC3W5L._SL232.jpg,
Divergent,,Veronica Roth,11:11:00,16 Jul 2012,19 Jul 2012,4,168,3 May 2011,487,122,2012,671,[][][][][][][][],http://ecx.images-amazon.com/images/I/51Mry4w810L._SL231.jpg,
Star Wars - Fate of the Jedi - Ascention,,Christie Golden,14:43:56,20 Jul 2012,25 Jul 2012,6,147,9 Aug 2011,410,68,2012,884,[][][][][][][],http://ecx.images-amazon.com/images/I/519RnNkaTkL._SL235.jpg,
23 Things They Don't Tell you about Capitalism,,Ha-Joon Chang,08:58:28,26 Jul 2012,31 Jul 2012,6,90,4 Jan 2011,304,51,2012,538,[][][][][],http://ecx.images-amazon.com/images/I/418afLHvb5L._SL228.jpg,
The Paris Vendetta,,Steve Berry,13:33:21,1 Aug 2012,7 Aug 2012,7,116,1 Jan 2009,432,62,2012,813,[][][][][][],http://ecx.images-amazon.com/images/I/51tAOPNeMRL._SL234.jpg,
The 8th Habit,,Stephen R. Covey,14:24:55,8 Aug 2012,18 Aug 2012,11,79,1 Jan 2004,432,39,2012,865,[][][][],http://ecx.images-amazon.com/images/I/516N1NrMPzL._SL254.jpg,
Kill Shot,,Vince Flynn,10:50:05,19 Aug 2012,22 Aug 2012,4,163,1 Jan 2012,400,100,2012,650,[][][][][][][][],http://ecx.images-amazon.com/images/I/51dTK9iMQUL._SL236.jpg,
Insurgent,,Veronica Roth,11:23:43,23 Aug 2012,30 Aug 2012,8,85,1 May 2012,496,62,2012,684,[][][][],http://cf-ui.shelfari.com/85fa19d3ecb7_154w.jpg,
Charlie and the Chocolate Factory,,Roald Dahl,03:18:47,31 Aug 2012,1 Sep 2012,2,99,1 Jan 1964,176,88,2012,199,[][][][][],http://ecx.images-amazon.com/images/I/516DGE57ENL._SL238.jpg,
Star Wars - Fate of the Jedi: Apocalpyse,,Troy Denning,16:29:48,2 Sep 2012,10 Sep 2012,9,110,13 Mar 2012,476,53,2012,990,[][][][][][],http://ecx.images-amazon.com/images/I/51EQhaJk9cL._SL235.jpg,
Matilda,,Roald Dahl,04:32:50,11 Sep 2012,12 Sep 2012,2,136,1 Jan 1988,240,120,2012,273,[][][][][][][],http://ecx.images-amazon.com/images/I/51rVUehaGSL._SL160.jpg,
The Emperor's Tomb,,Steve Berry,14:05:12,13 Sep 2012,22 Sep 2012,10,85,1 Nov 2010,480,48,2012,845,[][][][],http://ecx.images-amazon.com/images/I/51vM9e-njxL._SL160.jpg,
Peter Pan,,J. M. Barrie,05:40:13,23 Sep 2012,26 Sep 2012,4,85,1 Jan 1911,267,67,2012,340,[][][][],http://ecx.images-amazon.com/images/I/51va2vLL9AL._SL189.jpg,
Postmortem,,Patricia Cornwell,11:27:48,27 Sep 2012,8 Oct 2012,12,57,9 Jan 1990,304,25,2012,688,[][][],http://ecx.images-amazon.com/images/I/415X4T3HTSL._SL246.jpg,
Confession of a Shopaholic,,Sophie Kinsella,11:42:39,9 Oct 2012,13 Oct 2012,5,141,1 Jan 2000,312,62,2012,703,[][][][][][][],http://ecx.images-amazon.com/images/I/51z60DCsd1L._SL244.jpg,
A Game of Thrones,,George R. R. Martin,33:46:21,14 Oct 2012,6 Nov 2012,24,84,1 Aug 1996,835,35,2012,"2,026",[][][][],http://ecx.images-amazon.com/images/I/51ZIXVGSnlL._SL253.jpg,
Heir to the Empire,,Timothy Zahn,13:09:00,7 Nov 2012,13 Nov 2012,7,113,1 Jan 1991,361,52,2012,789,[][][][][][],http://ecx.images-amazon.com/images/I/5165GG7QHDL._SL256.jpg,
The Power of One,,Bryce Courtenay,21:30:00,14 Nov 2012,26 Nov 2012,13,99,13 Mar 1990,533,41,2012,"1,290",[][][][][],http://ecx.images-amazon.com/images/I/41%2BVNTZDbFL._SL228.jpg,
The Last Man,,Vince Flynn,11:54:00,27 Nov 2012,29 Nov 2012,3,238,13 Nov 2012,448,149,2012,714,[][][][][][][][][][][][],http://ecx.images-amazon.com/images/I/51d6BX%2B1-LL._SL233.jpg,
Body of Evidence,,Patricia Cornwell,10:10:23,30 Nov 2012,8 Dec 2012,9,68,5 Feb 1991,256,28,2012,610,[][][],http://ecx.images-amazon.com/images/I/51njPG7VH8L._SL255.jpg,
Angels and Demons,,Dan Brown,18:33:00,9 Dec 2012,19 Dec 2012,10,111,1 May 2000,480,48,2012,"1,113",[][][][][][],http://ecx.images-amazon.com/images/I/51MY9Q410WL._SL160.jpg,http://ecx.images-amazon.com/images/I/51MY9Q410WL._SL160.jpg
Harry Potter and the Philosopher's Stone,,J.K. Rowling,08:17:48,20 Dec 2012,24 Dec 2012,5,100,30 Jun 1997,223,45,2012,498,[][][][][],http://ecx.images-amazon.com/images/I/51SBCPRR1ZL._SL160.jpg,
Harry Potter and the Chamber of Secrets,,J.K. Rowling,08:44:27,25 Dec 2012,31 Dec 2012,6,87,2 Jul 1998,341,57,2012,524,[][][][],http://ecx.images-amazon.com/images/I/513QPRA7E7L._SL160.jpg,
Harry Potter and the Prisoner of Azkaban,,J.K. Rowling,11:48:09,1 Jan 2013,7 Jan 2013,6,118,8 Jul 1999,435,73,2013,708,[][][][][][],http://ecx.images-amazon.com/images/I/512t2MI-I3L._SL160.jpg,
Harry Potter and the Goblet of Fire,,J.K. Rowling,20:36:25,8 Jan 2013,16 Jan 2013,8,155,8 Jul 2000,734,92,2013,"1,236",[][][][][][][][],http://ecx.images-amazon.com/images/I/51BKEV%2By7EL._SL160.jpg,
Harry Potter and the Order of Phoenix,,J.K. Rowling,26:22:38,17 Jan 2013,26 Jan 2013,9,176,21 Jun 2003,870,97,2013,"1,583",[][][][][][][][][],http://ecx.images-amazon.com/images/I/51BH8S8FKSL._SL160.jpg,
Harry Potter and the Half Blood Prince,,J.K. Rowling,19:11:35,27 Jan 2013,12 Feb 2013,16,72,16 Jul 2005,652,41,2013,"1,152",[][][][],http://ecx.images-amazon.com/images/I/51JTPF5ZSNL._SL160.jpg,
Harry Potter and the Deathly Hollows,,J.K. Rowling,21:38:30,13 Feb 2013,25 Feb 2013,12,108,21 Jul 2007,784,65,2013,"1,299",[][][][][],http://ecx.images-amazon.com/images/I/51CJ3bmBzlL._SL160.jpg,
Shopaholic Takes Manhattan,,Sophie Kinsella,12:39:23,26 Feb 2013,11 Mar 2013,13,58,1 Jan 2001,388,30,2013,759,[][][],http://ecx.images-amazon.com/images/I/51hRO13mAvL._SL160.jpg,
A Clash of Kings,,George R. R. Martin,37:12:00,12 Mar 2013,10 Apr 2013,29,77,2 Feb 1999,969,33,2013,"2,232",[][][][],http://ecx.images-amazon.com/images/I/51WpEsAOmSL._SL241.jpg,
Dark Force Rising,,Timothy Zahn,14:56:00,11 Apr 2013,15 Apr 2013,4,224,1 Jan 1992,376,94,2013,896,[][][][][][][][][][][],http://ecx.images-amazon.com/images/I/51JGkrC15TL._SL254.jpg,
The Memoirs of Shelock Holmes,,Arthur Conan Doyle,09:21:00,16 Apr 2013,22 Apr 2013,6,94,1 Jan 1893,304,51,2013,561,[][][][][],http://ecx.images-amazon.com/images/I/41yd-6woM%2BL._SL238.jpg,
The Return of Shelock Holmes,,Arthur Conan Doyle,12:12:00,23 Apr 2013,1 May 2013,8,92,1 Jan 1905,403,50,2013,732,[][][][][],http://ecx.images-amazon.com/images/I/41tTCcGLeEL._SL236.jpg,
The Hound of the Baskervilles,,Arthur Conan Doyle,06:18:58,2 May 2013,8 May 2013,6,63,1 Jan 1902,359,60,2013,379,[][][],http://ecx.images-amazon.com/images/I/41rl9P14J6L._SL257.jpg,
All That Remains,,Patricia Cornwell,09:50:00,9 May 2013,14 May 2013,5,118,17 Aug 1992,416,83,2013,590,[][][][][][],http://ecx.images-amazon.com/images/I/51E7XW8TXVL._SL248.jpg,
Inferno,,Dan Brown,17:12:00,15 May 2013,23 May 2013,8,129,14 May 2013,480,60,2013,"1,032",[][][][][][],http://ecx.images-amazon.com/images/I/61ajWCV3yBL._SL235.jpg,
Shopaholic Ties the Knot,,Sophie Kinsella,14:24:00,24 May 2013,1 Jun 2013,8,108,,416,52,2013,864,[][][][][],http://ecx.images-amazon.com/images/I/51gHIaBESIL._SL258.jpg,
A Storm of Swords,,George R. R. Martin,47:40:00,2 Jun 2013,22 Jun 2013,20,143,31 Oct 2000,1177,59,2013,"2,860",[][][][][][][],http://ecx.images-amazon.com/images/I/515g0ypFAlL._SL160.jpg,
The Last Command,,Timothy Zahn,15:47:00,23 Jun 2013,27 Jun 2013,4,237,1 Jan 1993,467,117,2013,947,[][][][][][][][][][][][],http://ecx.images-amazon.com/images/I/51286N5TVCL._SL257.jpg,
1984,,George Orwell,09:39:09,28 Jun 2013,3 Jul 2013,5,116,8 Jun 1949,326,65,2013,579,[][][][][][],http://ecx.images-amazon.com/images/I/31m701nQuZL._SL247.jpg,
Cruel and Unusual,,Patricia Cornwell,11:50:00,4 Jul 2013,9 Jul 2013,5,142,10 Jun 1993,356,71,2013,710,[][][][][][][],http://ecx.images-amazon.com/images/I/51xMmqc7B%2BL._SL276.jpg,
The Zombie Survival Guide,,Max Brooks,08:38:16,10 Jul 2013,13 Jul 2013,3,173,1 Jan 2003,288,96,2013,518,[][][][][][][][][],http://ecx.images-amazon.com/images/I/51kfZ29lrGL._SL231.jpg,
A Feast for Crows,,George R. R. Martin,33:56:00,14 Jul 2013,5 Aug 2013,22,93,8 Nov 2005,784,36,2013,"2,036",[][][][][],http://ecx.images-amazon.com/images/I/312DWqiDikL._SL234.jpg,
The Old Republic: Fatal Alliance,,Sean Williams,13:48:00,6 Aug 2013,14 Aug 2013,8,104,20 Jul 2010,429,54,2013,828,[][][][][],http://cf-ui.shelfari.com/901b2092f5b4_154w.jpg,
Under the Dome,,Stephen King,34:29:00,15 Aug 2013,30 Aug 2013,15,138,10 Nov 2009,1088,73,2013,"2,069",[][][][][][][],http://ecx.images-amazon.com/images/I/41PZik3LNWL._SL224.jpg,
The Body Farm,,Patricia Cornwell,11:37:00,31 Aug 2013,4 Sep 2013,4,174,12 Sep 1994,320,80,2013,697,[][][][][][][][][],http://ecx.images-amazon.com/images/I/51Ptw68pDqL._SL248.jpg,
World War Z,,Max Brooks,13:49:00,5 Sep 2013,7 Sep 2013,2,415,1 Jan 2006,352,176,2013,829,[][][][][][][][][][][][][][][][][][][][][],http://ecx.images-amazon.com/images/I/51GYbjN5KsL._SL231.jpg,
A Dance with Dragons,,George R. R. Martin,49:00:00,8 Sep 2013,3 Oct 2013,25,118,12/07/2011,1040,42,2013,"2,940",[][][][][][],http://ecx.images-amazon.com/images/I/51AWpEvkLnL._SL233.jpg,
Specter of the Past,,Timothy Zahn,14:31:00,4 Oct 2013,14 Oct 2013,10,87,3 Nov 1997,352,35,2013,871,[][][][],http://ecx.images-amazon.com/images/I/51fFTi%2BLwkL._SL266.jpg,
The Art of Racing in the Rain,,Garth Stein,06:57:17,15 Oct 2013,17 Oct 2013,2,209,1 Jan 2008,321,161,2013,417,[][][][][][][][][][],http://ecx.images-amazon.com/images/I/41XLuytKeUL._SL239.jpg,
From Potter's Field,,Patricia Cornwell,09:00:47,18 Oct 2013,22 Oct 2013,4,135,2 Aug 1995,416,104,2013,541,[][][][][][][],http://ecx.images-amazon.com/images/I/51JQCAWJ11L._SL250.jpg,
Relic,,"Douglas Preston, Lincoln Child",13:02:43,23 Oct 2013,28 Oct 2013,5,157,1 Feb 1995,382,76,2013,783,[][][][][][][][],http://ecx.images-amazon.com/images/I/51WY1NNQCFL._SL248.jpg,
The Eye of the World,,Robert Jordan,29:59:00,29 Oct 2013,8 Nov 2013,10,180,15 Jan 1990,814,81,2013,"1,799",[][][][][][][][][],http://ecx.images-amazon.com/images/I/51S2RRG3MFL._SL251.jpg,
Scoundrels,,Timothy Zahn,13:59:00,9 Nov 2013,17 Nov 2013,8,105,1 Jan 2013,464,58,2013,839,[][][][][],http://ecx.images-amazon.com/images/I/51N-k6IbtVL._SL253.jpg,
A Christmas Carol,,Charles Dickens,02:58:00,18 Nov 2013,18 Nov 2013,1,178,19 Dec 1843,110,110,2013,178,[][][][][][][][][],http://ecx.images-amazon.com/images/I/41PJRopwLrL._SL257.jpg,
Cause of Death,,Patricia Cornwell,09:02:11,19 Nov 2013,21 Nov 2013,2,271,2 Jul 1996,340,170,2013,542,[][][][][][][][][][][][][][],http://ecx.images-amazon.com/images/I/51UzBMHC0eL._SL271.jpg,
Allegiant,,Veronica Roth,11:51:07,22 Nov 2013,26 Nov 2013,4,178,22 Oct 2013,406,102,2013,711,[][][][][][][][][],http://ecx.images-amazon.com/images/I/51C4TVE-R2L._SL225.jpg,
Reliquary,,"Douglas Preston, Lincoln Child",13:48:49,27 Nov 2013,2 Dec 2013,5,166,1 May 1997,382,76,2013,829,[][][][][][][][],http://ecx.images-amazon.com/images/I/51uBDUk2CzL._SL249.jpg,
Can You Keep a Secret?,,Sophie Kinsella,10:43:58,3 Dec 2013,6 Dec 2013,3,215,1 Jan 2003,364,121,2013,644,[][][][][][][][][][][],http://ecx.images-amazon.com/images/I/51T9hqwiXGL._SL245.jpg,
Red Dragon,,Thomas Harris,12:08:04,7 Dec 2013,13 Dec 2013,6,121,1 Oct 1981,480,80,2013,728,[][][][][][],http://ecx.images-amazon.com/images/I/51dyts9nF6L._SL233.jpg,
The Silence of the Lambs,,Thomas Harris,10:34:10,14 Dec 2013,18 Dec 2013,4,159,19 May 1988,352,88,2013,634,[][][][][][][][],http://ecx.images-amazon.com/images/I/51VnZKZ%2BzIL._SL224.jpg,
Allegiance,,Timothy Zahn,12:48:43,19 Dec 2013,31 Dec 2013,12,64,1 Jan 2007,336,28,2013,769,[][][],http://ecx.images-amazon.com/images/I/51CHTX4gOoL._SL234.jpg,
And Then There Were None,,Agatha Christie,06:02:07,1 Jan 2014,5 Jan 2014,4,91,6 Nov 1939,256,64,2014,362,[][][][][],http://ecx.images-amazon.com/images/I/41%2BBlIZT-LL._SL242.jpg,
Einstein: His Life and Universe,,Walter Isaacson,07:18:54,6 Jan 2014,13 Jan 2014,7,63,1 Jan 2007,704,101,2014,439,[][][],http://ecx.images-amazon.com/images/I/51aQOSZp3xL._SL229.jpg,
Unnatural Exposure,,Patricia Cornwell,11:04:00,14 Jan 2014,22 Jan 2014,8,83,14 Jul 1997,338,42,2014,664,[][][][],http://ecx.images-amazon.com/images/I/51H1QWS9xNL._SL248.jpg,
Hannibal,,Thomas Harris,12:26:15,23 Jan 2014,3 Feb 2014,11,68,8 Jun 1999,484,44,2014,746,[][][],http://ecx.images-amazon.com/images/I/515PMYH3GHL._SL228.jpg,
The Two Towers,,J.R.R. Tolkien,16:45:51,,23 Nov 2008,,,11 Nov 1954,464,,2008,"1,006",,http://ecx.images-amazon.com/images/I/31RYaLyTfTL._SL160.jpg,
The Cabinet of Curiosities,,"Douglas Preston, Lincoln Child",17:04:00,4 Feb 2014,11 Feb 2014,7,146,1 Jun 2002,466,67,2014,"1,024",[][][][][][][],http://ecx.images-amazon.com/images/I/41CJTzHkcrL._SL253.jpg,
Remember Me?,,Sophie Kinsella,13:26:00,12 Feb 2014,18 Feb 2014,6,134,1 Jan 2008,448,75,2014,806,[][][][][][][],http://ecx.images-amazon.com/images/I/51FQPpFU-lL._SL233.jpg,
Zombie Fallout,,Mark Tufo,10:29:35,19 Feb 2014,25 Feb 2014,6,105,5 Feb 2010,324,54,2014,630,[][][][][],http://ecx.images-amazon.com/images/I/51Of-Y041sL._SL160.jpg,
Micro,,Michael Crichton,13:55:00,26 Feb 2014,6 Mar 2014,8,104,1 Jan 2011,429,54,2014,835,[][][][][],http://ecx.images-amazon.com/images/I/41qVaGbfa6L._SL234.jpg,
In Cold Blood,,Truman Capote,14:28:00,7 Mar 2014,17 Mar 2014,10,87,1 Jan 1965,343,34,2014,868,[][][][],http://ecx.images-amazon.com/images/I/51ANZRGl9IL._SL231.jpg,
Point of Origin,,Patricia Cornwell,10:57:23,18 Mar 2014,24 Mar 2014,6,110,6 Jul 1998,356,59,2014,657,[][][][][][],http://ecx.images-amazon.com/images/I/51I8jdNs0AL._SL254.jpg,
Hannibal Rising,,Thomas Harris,07:04:00,25 Mar 2014,28 Mar 2014,3,141,1 Dec 2006,323,108,2014,424,[][][][][][][],http://ecx.images-amazon.com/images/I/517k6vI0ARL._SL229.jpg,
Still Life with Crows,,"Douglas Preston, Lincoln Child",15:49:42,29 Mar 2014,7 Apr 2014,9,106,1 Jul 2003,435,48,2014,950,[][][][][],http://ecx.images-amazon.com/images/I/21ai%2BC3wzRL._SL259.jpg,
Spying in High Heels,,Gemma Halliday,09:05:29,8 Apr 2014,15 Apr 2014,7,78,1 Aug 2006,324,46,2014,545,[][][][],http://ecx.images-amazon.com/images/I/51uW6S8MmDL._SL238.jpg,
Zombie Fallout 2: A Plague Upon Your Family,,Mark Tufo,10:57:37,16 Apr 2014,28 Apr 2014,12,55,29 Sep 2010,330,28,2014,658,[][][],http://ecx.images-amazon.com/images/I/51vqFUOr8VL._SL160_.jpg,
Vision of the Future,,Timothy Zahn,26:18:10,29 Apr 2014,20 May 2014,21,75,1 Sep 1998,528,25,2014,"1,578",[][][][],http://ecx.images-amazon.com/images/I/51lOrz4ymZL._SL254.jpg,
The Shining,,Stephen King,15:51:00,21 May 2014,30 May 2014,9,106,1 Jan 1977,679,75,2014,951,[][][][][],http://ecx.images-amazon.com/images/I/51BGKFQTKVL._SL258.jpg,
Term Limits,,Vince Flynn,15:34:00,31 May 2014,11 Jun 2014,11,85,1 Jan 1997,360,33,2014,934,[][][][],http://ecx.images-amazon.com/images/I/51c1gzaydQL._SL238.jpg,
Black Notice,,Patricia Cornwell,12:21:00,12 Jun 2014,24 Jun 2014,12,62,2 Aug 1999,415,35,2014,741,[][][],http://ecx.images-amazon.com/images/I/51E6PjZmrSL._SL252.jpg,
The Bourne Identity,,Robert Ludlum,22:20:06,25 Jun 2014,9 Jul 2014,14,96,1 Jan 1980,523,37,2014,"1,340",[][][][][],http://ecx.images-amazon.com/images/I/51woAEF8IEL._SL254.jpg,
Brimstone,,"Douglas Preston, Lincoln Child",19:42:00,10 Jul 2014,23 Jul 2014,13,91,1 Aug 2004,499,38,2014,"1,182",[][][][][],http://ecx.images-amazon.com/images/I/5182jUknGdL._SL248.jpg,
Killer in High Heels,,Gemma Halliday,09:38:00,24 Jul 2014,2 Aug 2014,9,64,1 Mar 2007,310,34,2014,578,[][][],http://ecx.images-amazon.com/images/I/51CXpfELusL._SL248.jpg,
Zombie Fallout 3: The End,,Mark Tufo,10:53:38,3 Aug 2014,7 Aug 2014,4,163,13 Mar 2011,338,85,2014,654,[][][][][][][][],http://ecx.images-amazon.com/images/I/51bXzWwShFL._SL246.jpg,
Danny the Champion of the World,,Roald Dahl,04:28:07,8 Aug 2014,10 Aug 2014,2,134,1 Jan 1975,208,104,2014,268,[][][][][][][],http://ecx.images-amazon.com/images/I/513ueVcTkRL._SL160.jpg,
The Stand,,Stephen King,47:47:00,11 Aug 2014,8 Sep 2014,28,102,1 Nov 1978,1153,41,2014,"2,867",[][][][][],http://ecx.images-amazon.com/images/I/51DQ3RBXJFL._SL224.jpg,
Around the World in 80 Days,,Jules Verne,07:42:48,9 Sep 2014,12 Sep 2014,3,154,1 Jan 1873,220,73,2014,463,[][][][][][][][],http://ecx.images-amazon.com/images/I/51XZERHqTPL._SL235.jpg,
The Hobbit,,J.R.R. Tolkien,11:04:14,13 Sep 2014,18 Sep 2014,5,133,1 Jan 1937,310,62,2014,664,[][][][][][][],http://ecx.images-amazon.com/images/I/6113XDPUrVL._SL160.jpg,
The Fellowship of the Ring,,J.R.R. Tolkien,19:10:52,19 Sep 2014,27 Sep 2014,8,144,24 Jul 1954,531,66,2014,"1,151",[][][][][][][],http://ecx.images-amazon.com/images/I/41Ta5-vOB2L._SL160.jpg,
Five People You Meet in Heaven,,Mitch Albom,04:38:32,28 Sep 2014,30 Sep 2014,2,139,1 Jan 2003,196,98,2014,279,[][][][][][][],http://ecx.images-amazon.com/images/I/41D9P3BZSWL._SL225.jpg,
The Two Towers,,J.R.R. Tolkien,16:45:51,1 Oct 2014,11 Oct 2014,10,101,11 Nov 1954,464,46,2014,"1,006",[][][][][],http://ecx.images-amazon.com/images/I/31RYaLyTfTL._SL160.jpg,
The Return of the King,,J.R.R. Tolkien,15:26:33,12 Oct 2014,17 Oct 2014,5,185,20 Oct 1955,416,83,2014,927,[][][][][][][][][],http://ecx.images-amazon.com/images/I/213PTkHsfXL._SL160.jpg,
The Last Precinct,,Patricia Cornwell,17:19:13,18 Oct 2014,24 Oct 2014,6,173,13 Oct 2000,449,75,2014,"1,039",[][][][][][][][][],http://ecx.images-amazon.com/images/I/51n0fWmHeIL._SL250.jpg,
The Maze Runner,,James Dashner,10:51:21,25 Oct 2014,28 Oct 2014,3,217,1 Oct 2009,374,125,2014,651,[][][][][][][][][][][],http://ecx.images-amazon.com/images/I/61e65oyKToL._SL233.jpg,
The Scorch Trials,,James Dashner,10:23:21,29 Oct 2014,29 Oct 2014,1,623,12 Oct 2010,384,384,2014,623,[][][][][][][][][][][][][][][][][][][][][][][][][][][][][][][],http://ecx.images-amazon.com/images/I/51UtBokjHuL._SL233.jpg,
The Death Cure,,James Dashner,08:55:00,30 Oct 2014,30 Oct 2014,1,535,12 Oct 2010,338,338,2014,535,[][][][][][][][][][][][][][][][][][][][][][][][][][][],http://cf-ui.shelfari.com/9edcaea34e23_154w.jpg,
Gone Girl,,Gillian Flynn,19:11:00,1 Nov 2014,4 Nov 2014,3,384,12 Oct 2010,432,144,2014,"1,151",[][][][][][][][][][][][][][][][][][][],http://cf-ui.shelfari.com/10fb0f86d1e9_154w.jpg,
Undercover in High Heels,,Gemma Halliday,09:10:00,5 Nov 2014,9 Nov 2014,4,138,12 Oct 2010,313,78,2014,550,[][][][][][][],http://ecx.images-amazon.com/images/I/51rI5L2mj4L._SL248.jpg,
The Bourne Supremacy,,Robert Ludlum,27:41:00,10 Nov 2014,21 Nov 2014,11,151,12 Oct 2010,597,54,2014,"1,661",[][][][][][][][],http://ecx.images-amazon.com/images/I/51XTnW93RjL._SL160.jpg,
Dance of Death,,"Douglas Preston, Lincoln Child",16:50:00,22 Nov 2014,30 Nov 2014,8,126,12 Oct 2010,560,70,2014,"1,010",[][][][][][],http://ecx.images-amazon.com/images/I/51GEh3LbUwL._SL248.jpg,
Zombie Fallout 3.5: Dr. Hugh Mann,,Mark Tufo,02:42:00,1 Dec 2014,1 Dec 2014,1,162,12 Oct 2010,103,103,2014,162,[][][][][][][][],http://ecx.images-amazon.com/images/I/51QHXKu8JxL._SL246.jpg,
The BFG,,Roald Dahl,04:25:00,2 Dec 2014,3 Dec 2014,1,265,12 Oct 2010,208,208,2014,265,[][][][][][][][][][][][][],http://ecx.images-amazon.com/images/I/51g8cUvIomL._SL224.jpg,
The Legend of Sleepy Hallow,,Washington Irving,01:15:00,3 Dec 2014,3 Dec 2014,1,75,12 Oct 2010,50,50,2014,75,[][][][],http://ecx.images-amazon.com/images/I/51FD5X80N4L._SL231.jpg,
The Day of the Jackal,,Fredrick Forsyth,13:21:00,4 Dec 2014,10 Dec 2014,6,134,12 Oct 2010,495,83,2014,801,[][][][][][][],http://ecx.images-amazon.com/images/I/51cqnsg8fkL._SL253.jpg,
Blow Fly,,Patricia Cornwell,12:43:00,11 Dec 2014,21 Dec 2014,10,76,12 Oct 2010,526,53,2014,763,[][][][],http://ecx.images-amazon.com/images/I/41U9K8XEYEL._SL264.jpg,
Transfer of Power,,Vince Flynn,16:48:00,22 Dec 2014,3 Jan 2015,13,78,1 Jan 1999,416,32,2015,"1,008",[][][][],http://ecx.images-amazon.com/images/I/51Am1og%2BeLL._SL100.jpg,
The Third Option,,Vince Flynn,11:48:00,4 Jan 2015,7 Jan 2015,4,177,1 Jan 2000,358,90,2015,708,[][][][][][][][][],http://ecx.images-amazon.com/images/I/51iYUG4NmUL._SL160.jpg,
Separtion of Power,,Vince Flynn,14:00:00,8 Jan 2015,11 Jan 2015,4,210,1 Jan 2011,368,92,2015,840,[][][][][][][][][][][],http://ecx.images-amazon.com/images/I/51F49uMyuVL._SL160.jpg,
Executive Power,,Vince Flynn,13:03:00,12 Jan 2015,17 Jan 2015,6,131,6 May 2003,384,64,2015,783,[][][][][][][],http://ecx.images-amazon.com/images/I/517bhw-AtSL._SL160.jpg,
Memorial Day,,Vince Flynn,13:20:00,18 Jan 2015,22 Jan 2015,5,160,1 Jan 2004,407,81,2015,800,[][][][][][][][],http://ecx.images-amazon.com/images/I/51lgCipe%2BKL._SL160.jpg,
Consent to Kill,,Vince Flynn,17:16:00,23 Jan 2015,4 Feb 2015,13,80,11 Oct 2005,480,37,2015,"1,036",[][][][],http://ecx.images-amazon.com/images/I/51UkCU5qkgL._SL160.jpg,
Act of Treason,,Vince Flynn,11:05:00,5 Feb 2015,11 Feb 2015,7,95,1 Jan 2006,415,59,2015,665,[][][][][],http://ecx.images-amazon.com/images/I/51Hk5-jSxLL._SL160.jpg,
Protect and Defend,,Vince Flynn,10:16:00,12 Feb 2015,16 Feb 2015,5,123,1 Oct 2007,416,83,2015,616,[][][][][][],http://ecx.images-amazon.com/images/I/51xu7S-GjdL._SL228.jpg,
Extreme Measures,,Vince Flynn,12:09:48,17 Feb 2015,22 Feb 2015,6,122,1 Oct 2008,416,69,2015,730,[][][][][][],http://ecx.images-amazon.com/images/I/51EAvCZOGcL._SL234.jpg,
Pursuit of Honor,,Vince Flynn,11:50:00,23 Feb 2015,27 Feb 2015,5,142,1 Oct 2009,431,86,2015,710,[][][][][][][],http://ecx.images-amazon.com/images/I/51Irh6r-ntL._SL234.jpg,
American Assassin,,Vince Flynn,11:36:00,28 Feb 2015,5 Mar 2015,6,116,12 Oct 2010,448,75,2015,696,[][][][][][],http://ecx.images-amazon.com/images/I/51QGWsWIocL._SL234.jpg,
Kill Shot,,Vince Flynn,10:50:05,6 Mar 2015,14 Mar 2015,9,72,1 Jan 2012,400,44,2015,650,[][][][],http://ecx.images-amazon.com/images/I/51dTK9iMQUL._SL236.jpg,
The Last Man,,Vince Flynn,11:54:00,15 Mar 2015,20 Mar 2015,6,119,13 Nov 2012,448,75,2015,714,[][][][][][],http://ecx.images-amazon.com/images/I/51d6BX%2B1-LL._SL233.jpg,
The Bourne Ultimatum,,Robert Ludlum,29:23:11,21 Mar 2015,16 Apr 2015,27,65,25 Feb 1990,672,25,2015,"1,763",[][][],http://ecx.images-amazon.com/images/I/41t0ksQDfNL._SL260.jpg,
The Book of the Dead,,"Douglas Preston, Lincoln Child",15:10:49,17 Apr 2015,24 Apr 2015,8,114,1 May 2006,597,75,2015,911,[][][][][][],http://ecx.images-amazon.com/images/I/51qT06t9boL._SL231.jpg,
Alibi in High Heels,,Gemma Halliday,08:25:14,25 Apr 2015,2 May 2015,8,63,1 Mar 2008,294,37,2015,505,[][][],http://ecx.images-amazon.com/images/I/41Zr8SlJTuL._SL248.jpg,
Zombie Fallout 4: The End Has Come and Gone,,Mark Tufo,11:11:48,3 May 2015,8 May 2015,6,112,29 Sep 2011,356,59,2015,672,[][][][][][],http://ecx.images-amazon.com/images/I/51sY6WGTpCL._SL246.jpg,
The Witches,,Roald Dahl,04:29:03,9 May 2015,12 May 2015,4,67,1 Jan 1983,208,52,2015,269,[][][],http://ecx.images-amazon.com/images/I/51vWUKZFkjL._SL249.jpg,
It,,Stephen King,44:57:00,13 May 2015,10 Jun 2015,29,93,1 Jan 1986,1138,39,2015,"2,697",[][][][][],http://ecx.images-amazon.com/images/I/41BXYBM-7kL._SL262.jpg,
Total Recall: My Truly Unbelievably Life Story,,Arnold Schwarzenegger,23:24:00,11 Jun 2015,20 Jun 2015,10,140,5 Nov 2013,656,66,2015,"1,404",[][][][][][][],http://ecx.images-amazon.com/images/I/51YVmKZ4DKL._SL235.jpg,
To Kill a Mockingbird,,Harper Lee,10:59:35,21 Jun 2015,26 Jun 2015,6,110,11 Jul 1960,296,49,2015,660,[][][][][][],http://ecx.images-amazon.com/images/I/51grMGCKivL._SL249.jpg,